{"cameraMode":{"drawMode":0,"name":"Shaded","section":"Shading Mode"},"sceneLighting":false,"audioPlay":false,"sceneViewState":{"showFog":true,"showMaterialUpdate":true,"showSkybox":true,"showFlares":true,"showImageEffects":true,"showParticleSystems":true},"in2DMode":false,"pivot":{"x":-2.064256429672241,"y":3.3284220695495607,"z":-9.520463943481446},"rotation":{"x":0.12430667877197266,"y":0.053237251937389377,"z":-0.006693974602967501,"w":0.9908095002174377},"size":0.8660253882408142,"orthographic":false}